Metric,Value
Accuracy,0.8096666666666666
Precision,0.6887417218543046
Recall,0.2376237623762376
F1 Score,0.35334088335220837
